{
  "nodes": 2903,
  "edges": 3647,
  "density": 0.00043290372159507037,
  "strongly_connected_components": 2221,
  "weakly_connected_components": 589,
  "largest_scc_size": 681,
  "largest_wcc_size": 2275,
  "average_clustering": 0.026034282011849246,
  "average_degree": 2.5125732001377883,
  "max_degree": 152,
  "degree_std": 5.853807775838807
}